es_ID,paper_ID,cohort_ID,species_ID,species_common,species_latin,taxa,sex,n,k,est,R,fixed_yn,fixed_var,method,annual_event,location,country,long,lat,tag_period,notes,data_location,data_presentation,title,pub_year,authors,journal,DOI,Papers for Data Extraction::fulltext_ID
es001,p001,c001,s039,American redstart,Setophaga ruticilla,Landbird,B,74,2.64,ICC,0.382,N,NA,Conventional,Nonbreed_depart,southwestern Jamaica at the Font Hill Nature reserve,North America,-77.95,18.03,Non-breeding,,"p. 3440, text, results",text,Rainfall-induced changes in food availability modify the spring departure programme of a migratory bird,2011,"Studds, C. E. and Marra, P. P.",Proceedings of the Royal Society B: Biological Sciences,10.1098/rspb.2011.0332,ft161
es002,p002,c002,s029,American white pelican,Pelecanus erythrorhynchos,Waterbird,B,12,2,ICC,0.02,N,NA,Satellite,Depart_breed,Multiple areas in US,North America,-89.883,32.48,Non-breeding,,"Table 1, p. 4",text,Advances and environmental conditions of spring migration phenology of American white pelicans,2017,"King, D.T. and Wang, G. and Yang, Z. and Fischer, J. W.",Scientific Reports,10.1038/srep40339,ft163
es003,p002,c002,s029,American white pelican,Pelecanus erythrorhynchos,Waterbird,B,12,2,ICC,0.318,N,NA,Satellite,Arrival_breed,Multiple areas in US,North America,-89.883,32.48,Non-breeding,,"Table 1, p. 4",text,Advances and environmental conditions of spring migration phenology of American white pelicans,2017,"King, D.T. and Wang, G. and Yang, Z. and Fischer, J. W.",Scientific Reports,10.1038/srep40339,ft163
es004,p002,c002,s029,American white pelican,Pelecanus erythrorhynchos,Waterbird,B,12,2,ICC,0.367,N,NA,Satellite,Nonbreed_arrival,Multiple areas in US,North America,-89.883,32.48,Non-breeding,,"Table 1, p. 4",text,Advances and environmental conditions of spring migration phenology of American white pelicans,2017,"King, D.T. and Wang, G. and Yang, Z. and Fischer, J. W.",Scientific Reports,10.1038/srep40339,ft163
es005,p002,c002,s029,American white pelican,Pelecanus erythrorhynchos,Waterbird,B,12,2,ICC,0.763,N,NA,Satellite,Nonbreed_depart,Multiple areas in US,North America,-89.883,32.48,Non-breeding,,"Table 1, p. 4",text,Advances and environmental conditions of spring migration phenology of American white pelicans,2017,"King, D.T. and Wang, G. and Yang, Z. and Fischer, J. W.",Scientific Reports,10.1038/srep40339,ft163
es006,p003,c003,s016,Barn swallow,Hirundo rustica,Landbird,M,15,2,ICC,0.5,N,NA,Conventional,Arrival_breed,"Badajoz, Southern Spain",Europe,-6.49,38.53,Breeding,,"p. 58, text, results",text,Antioxidants and condition-dependence of arrival date in a migratory passerine,2004,"Ninni, P. and de Lope, F. and Saino, N. and Haussy, C. and Moller, A. P.",Oikos,10.1111/j.0030-1299.2004.12516.x,ft012
es007,p004,c004,s016,Barn swallow,Hirundo rustica,Landbird,M,23,5.2,ICC,0.51,N,NA,Conventional,Arrival_breed,"Kraghede, Denmark",Europe,10,57.2,Breeding,,"p. 204, text, results",text,Heritability of arrival date in a migratory bird,2001,"Moller, A. P.",Proceedings of the Royal Society B-Biological Sciences,10.1098/rspb.2000.1351,ft062
es008,p005,c005,s023,Bar-tailed godwit,Limosa lapponica baueri,Waterbird,B,11,2,ICC,0.38,N,NA,Conventional,Nonbreed_depart,"western Firth of Thames, NZ",Not,175.316,-37.183,Non-breeding,,"p. 518, text, results",text,Consistent annual schedules in a migratory shorebird,2006,"Battley, P. F.",Biology Letters,10.1098/rsbl.2006.0535,ft029
es009,p006,c006,s023,Bar-tailed godwit,Limosa lapponica baueri,Waterbird,B,6,2,ICC,0.47,N,NA,GLS,Depart_breed,"Manawatu River estuary, New Zealand",Not,175.36,-40.783,Non-breeding,,"Table 1, p. 6",text,Absolute Consistency: Individual versus Population Variation in Annual-Cycle Schedules of a Long-Distance Migrant Bird,2013,"Conklin, J. R. and Battley, P. F. and Potter, M. A.",PLoS ONE,10.1371/journal.pone.0054535,ft001
es010,p006,c007,s023,Bar-tailed godwit,Limosa lapponica baueri,Waterbird,B,44,2,ICC,0.66,N,NA,Conventional,Nonbreed_arrival,"Manawatu River estuary, New Zealand",Not,175.36,-40.783,Non-breeding,,"Table 1, p. 6",text,Absolute Consistency: Individual versus Population Variation in Annual-Cycle Schedules of a Long-Distance Migrant Bird,2013,"Conklin, J. R. and Battley, P. F. and Potter, M. A.",PLoS ONE,10.1371/journal.pone.0054535,ft001
es011,p006,c006,s023,Bar-tailed godwit,Limosa lapponica baueri,Waterbird,B,8,2,ICC,0.77,N,NA,GLS,Nonbreed_arrival,"Manawatu River estuary, New Zealand",Not,175.36,-40.783,Non-breeding,,"Table 1, p. 6",text,Absolute Consistency: Individual versus Population Variation in Annual-Cycle Schedules of a Long-Distance Migrant Bird,2013,"Conklin, J. R. and Battley, P. F. and Potter, M. A.",PLoS ONE,10.1371/journal.pone.0054535,ft001
es012,p006,c007,s023,Bar-tailed godwit,Limosa lapponica baueri,Waterbird,B,49,2,ICC,0.82,N,NA,Conventional,Nonbreed_depart,"Manawatu River estuary, New Zealand",Not,175.36,-40.783,Non-breeding,,"Table 1, p. 6",text,Absolute Consistency: Individual versus Population Variation in Annual-Cycle Schedules of a Long-Distance Migrant Bird,2013,"Conklin, J. R. and Battley, P. F. and Potter, M. A.",PLoS ONE,10.1371/journal.pone.0054535,ft001
es013,p005,c005,s023,Bar-tailed godwit,Limosa lapponica baueri,Waterbird,B,38,2.2,ICC,0.83,N,NA,Conventional,Nonbreed_depart,"western Firth of Thames, NZ",Not,175.316,-37.183,Non-breeding,,"p. 518, text, results",text,Consistent annual schedules in a migratory shorebird,2006,"Battley, P. F.",Biology Letters,10.1098/rsbl.2006.0535,ft029
es014,p007,c008,s023,Bar-tailed godwit,Limosa lapponica baueri,Waterbird,B,45,3,ICC,0.836,N,NA,Conventional,Depart_breed,"Manawatu River estuary, New Zealand",Not,175.36,-40.783,Non-breeding,,"p. 856, text, results",text,Impacts of wind on individual migration schedules of New Zealand bar-tailed godwits,2011,"Conklin, J. R. and Battley, P. F.",Behavioral Ecology,10.1093/beheco/arr054,ft065
es015,p006,c006,s023,Bar-tailed godwit,Limosa lapponica baueri,Waterbird,B,8,2,ICC,0.86,N,NA,GLS,Nonbreed_depart,"Manawatu River estuary, New Zealand",Not,175.36,-40.783,Non-breeding,,"Table 1, p. 6",text,Absolute Consistency: Individual versus Population Variation in Annual-Cycle Schedules of a Long-Distance Migrant Bird,2013,"Conklin, J. R. and Battley, P. F. and Potter, M. A.",PLoS ONE,10.1371/journal.pone.0054535,ft001
es016,p006,c006,s023,Bar-tailed godwit,Limosa lapponica baueri,Waterbird,B,8,2,ICC,0.91,N,NA,GLS,Arrival_breed,"Manawatu River estuary, New Zealand",Not,175.36,-40.783,Non-breeding,,"Table 1, p. 6",text,Absolute Consistency: Individual versus Population Variation in Annual-Cycle Schedules of a Long-Distance Migrant Bird,2013,"Conklin, J. R. and Battley, P. F. and Potter, M. A.",PLoS ONE,10.1371/journal.pone.0054535,ft001
es017,p008,c009,s012,Bewick swan,Cygnus columbianus bewickii,Waterbird,B,67,12.4,ICC,0.01,N,NA,Conventional,Nonbreed_arrival,Slimbridge,Europe,-2.4,51.74,Non-breeding,,"calculated values from Table 1, p. 388",text,Consistency in the timing of migration for individual Bewick's swans,1989,"Rees, E. C.",Animal Behaviour,10.1016/S0003-3472(89)80031-4,ft028
es018,p008,c009,s012,Bewick swan,Cygnus columbianus bewickii,Waterbird,B,67,12.4,ICC,0.03,N,NA,Conventional,Nonbreed_depart,Slimbridge,Europe,-2.4,51.74,Non-breeding,,"calculated values from Table 1, p. 388",text,Consistency in the timing of migration for individual Bewick's swans,1989,"Rees, E. C.",Animal Behaviour,10.1016/S0003-3472(89)80031-4,ft028
es019,p009,c010,s037,Black-legged kittiwake,Rissa tridactyla,Seabird,B,48,2,ICC,0.39,Y,AnyChick+Sex+Treatment+AnyChick*Treatment + (1|Band) + (1|Year),GLS,Arrival_breed,Middleton Island,North America,-146.32,59.44,Breeding,,"p. 3, text, results",text,Increased summer food supply decreases non-breeding movement in black-legged kittiwakes,2020,"Whelan, S. and Hatch, S. A. and Irons D. B. and McKnight A. and Elliott K. H.",Biology Letters,10.1098/rsbl.2019.0725,ft165
es020,p009,c010,s037,Black-legged kittiwake,Rissa tridactyla,Seabird,B,48,2,ICC,0.739,Y,AnyChick+Sex+Treatment+AnyChick*Treatment + (1|Band) + (1|Year),GLS,Depart_breed,Middleton Island,North America,-146.32,59.44,Breeding,,"p. 3, text, results",text,Increased summer food supply decreases non-breeding movement in black-legged kittiwakes,2020,"Whelan, S. and Hatch, S. A. and Irons D. B. and McKnight A. and Elliott K. H.",Biology Letters,10.1098/rsbl.2019.0725,ft165
es021,p010,c011,s024,Black-tailed godwit,Limosa limosa limosa,Waterbird,B,36,2.3,ICC,0.139,N,NA,GLS,Depart_breed,"southwest Fryslan, The Netherlands",Europe,5.54,53.5,Breeding,,"Figure 2. E, p. 5",figure,Variation From an Unknown Source: Large Inter-individual Differences in Migrating Black-Tailed Godwits,2019,"Verhoeven, M. A. and Loonstra, A. H. J. and Senner, N. R. and McBride, A. D. and Both, C. and Piersma, T.",Frontiers in Ecology and Evolution,10.3389/fevo.2019.00031,ft142
es022,p011,c012,s024,Black-tailed godwit,Limosa limosa islandica,Waterbird,B,46,2.46,ICC,0.18,N,NA,Conventional,Arrival_breed,Iceland,Europe,-21.747,64.454,Breeding,,"p. 1122, text, results",text,Population-scale drivers of individual arrival times in migratory birds,2006,"Gunnarsson, T. G. and Gill, J. A. and Atkinson, P. W. and Gelinaud, G. and Potts, P. M. and Croger, R. E. and Gudmundsson, G. A. and Appleton, G. F. and Sutherland, W. J.",Journal of Animal Ecology,10.1111/j.1365-2656.2006.01131.x,ft116
es023,p012,c013,s024,Black-tailed godwit,Limosa limosa limosa,Waterbird,M,70,3.3,ICC,0.18,N,NA,Conventional,Arrival_breed,"Workumerwaard, the Netherlands",Europe,5.4,52.4,both?,,"Table 1, p. 1027",text,"Repeatable timing of northward departure, arrival and breeding in Black-tailed Godwits Limosa l. limosa, but no domino effects",2011,"Lourenço, P. M. and Kentie, R. and Schroeder, J. and Groen, N. M. and Hooijmeijer, J. C. E. W. and Piersma, T.",Journal of Ornithology,10.1007/s10336-011-0692-3,ft121
es024,p013,c015,s024,Black-tailed godwit,Limosa limosa limosa,Waterbird,B,180,3.1,ICC,0.24,N,NA,Conventional,Arrival_breed,"southwest Friesland, the Netherlands",Europe,5.083,52.916,both?,,"p. 2816, text, results",text,Does wintering north or south of the Sahara correlate with timing and breeding performance in black-tailed godwits?,2017,"Kentie, R. and Marquez-Ferrando, R. and Figuerola, J. and Gangoso, L. and Hooijmeijer, J. C. E. W. and Loonstra, A. H. J. and Robin, F. and Sarasa, M. and Senner, N. and Valkema, H. and Verhoeven, M. A. and Piersma, T.",Ecology and Evolution,10.1002/ece3.2879,ft041
es025,p013,c016,s024,Black-tailed godwit,Limosa limosa limosa,Waterbird,B,131,2.7,ICC,0.24,N,NA,Conventional,Arrival_breed,"southwest Friesland, the Netherlands",Europe,5.083,52.916,both?,,"p. 2816, text, results",text,Does wintering north or south of the Sahara correlate with timing and breeding performance in black-tailed godwits?,2017,"Kentie, R. and Marquez-Ferrando, R. and Figuerola, J. and Gangoso, L. and Hooijmeijer, J. C. E. W. and Loonstra, A. H. J. and Robin, F. and Sarasa, M. and Senner, N. and Valkema, H. and Verhoeven, M. A. and Piersma, T.",Ecology and Evolution,10.1002/ece3.2879,ft041
es026,p012,c014,s024,Black-tailed godwit,Limosa limosa limosa,Waterbird,F,81,2.9,ICC,0.29,N,NA,Conventional,Arrival_breed,"Workumerwaard, the Netherlands",Europe,5.4,52.4,both?,,"Table 1, p. 1027",text,"Repeatable timing of northward departure, arrival and breeding in Black-tailed Godwits Limosa l. limosa, but no domino effects",2011,"Lourenço, P. M. and Kentie, R. and Schroeder, J. and Groen, N. M. and Hooijmeijer, J. C. E. W. and Piersma, T.",Journal of Ornithology,10.1007/s10336-011-0692-3,ft121
es027,p010,c011,s024,Black-tailed godwit,Limosa limosa limosa,Waterbird,B,24,2.1,ICC,0.333,N,NA,GLS,Arrival_breed,"southwest Fryslan, The Netherlands",Europe,5.54,53.5,Breeding,,"Figure 2. F, p. 5",figure,Variation From an Unknown Source: Large Inter-individual Differences in Migrating Black-Tailed Godwits,2019,"Verhoeven, M. A. and Loonstra, A. H. J. and Senner, N. R. and McBride, A. D. and Both, C. and Piersma, T.",Frontiers in Ecology and Evolution,10.3389/fevo.2019.00031,ft142
es028,p014,c017,s024,Black-tailed godwit,Limosa limosa islandica,Waterbird,B,54,5.4,ICC,0.51,N,NA,Conventional,Arrival_breed,Iceland,Europe,-17.19,64.58,Breeding,,"p. 3, text, results",text,Why is timing of bird migration advancing when individuals are not?,2014,"Gill, J. A. and Alves, J. A. and Sutherland, W. J. and Appleton, G. F. and Potts, P. M. and Gunnarsson, T. G.",Proceedings of the Royal Society B: Biological Sciences,10.1098/rspb.2013.2161,ft150
es029,p010,c011,s024,Black-tailed godwit,Limosa limosa limosa,Waterbird,B,29,2.3,ICC,0.603,N,NA,GLS,Nonbreed_arrival,"southwest Fryslan, The Netherlands",Europe,5.54,53.5,Breeding,,"Figure 2. E, p. 5",figure,Variation From an Unknown Source: Large Inter-individual Differences in Migrating Black-Tailed Godwits,2019,"Verhoeven, M. A. and Loonstra, A. H. J. and Senner, N. R. and McBride, A. D. and Both, C. and Piersma, T.",Frontiers in Ecology and Evolution,10.3389/fevo.2019.00031,ft142
es030,p010,c011,s024,Black-tailed godwit,Limosa limosa limosa,Waterbird,B,25,2,ICC,0.937,N,NA,GLS,Nonbreed_depart,"southwest Fryslan, The Netherlands",Europe,5.54,53.5,Breeding,,"Figure 2. F, p. 5",figure,Variation From an Unknown Source: Large Inter-individual Differences in Migrating Black-Tailed Godwits,2019,"Verhoeven, M. A. and Loonstra, A. H. J. and Senner, N. R. and McBride, A. D. and Both, C. and Piersma, T.",Frontiers in Ecology and Evolution,10.3389/fevo.2019.00031,ft142
es031,p015,c018,s008,Brown skua,Catharacta antarctica lonnbergi,Seabird,F,11,2.1,ICC,0.477,Y,year,GLS,Depart_breed,King George Island,Not,-59.5833,-62.3166,Breeding,,"Table 1, p. 220",text,Consistent variation in individual migration strategies of brown skuas,2017,"Krietsch, J. and Hahn, S. and Kopp, M. and Phillips, R. A. and Peter, H. U. and Lisovski, S.",Marine Ecology Progress Series,10.3354/meps11932,ft032
es032,p015,c019,s008,Brown skua,Catharacta antarctica lonnbergi,Seabird,M,4,2.5,ICC,0.49,Y,year,GLS,Depart_breed,King George Island,Not,-59.5833,-62.3166,Breeding,,"Table 1, p. 220",text,Consistent variation in individual migration strategies of brown skuas,2017,"Krietsch, J. and Hahn, S. and Kopp, M. and Phillips, R. A. and Peter, H. U. and Lisovski, S.",Marine Ecology Progress Series,10.3354/meps11932,ft032
es033,p015,c018,s008,Brown skua,Catharacta antarctica lonnbergi,Seabird,F,12,2.1,ICC,0.871,Y,year,GLS,Arrival_breed,King George Island,Not,-59.5833,-62.3166,Breeding,,"Table 1, p. 220",text,Consistent variation in individual migration strategies of brown skuas,2017,"Krietsch, J. and Hahn, S. and Kopp, M. and Phillips, R. A. and Peter, H. U. and Lisovski, S.",Marine Ecology Progress Series,10.3354/meps11932,ft032
es034,p015,c019,s008,Brown skua,Catharacta antarctica lonnbergi,Seabird,M,4,2.5,ICC,0.972,Y,year,GLS,Arrival_breed,King George Island,Not,-59.5833,-62.3166,Breeding,,"Table 1, p. 220",text,Consistent variation in individual migration strategies of brown skuas,2017,"Krietsch, J. and Hahn, S. and Kopp, M. and Phillips, R. A. and Peter, H. U. and Lisovski, S.",Marine Ecology Progress Series,10.3354/meps11932,ft032
es035,p016,c020,s013,Collared flycatcher,Ficedula albicollis,Landbird,M,106,2.2,ICC,0.24,N,NA,Conventional,Arrival_breed,Czechia,Europe,17.22,49.83,Breeding,,"text, results, last paragraph",text,The genetic regulation of avian migration timing: combining candidate genes and quantitative genetic approaches in a long-distance migrant,2021,"Krist, M. and Munclinger, P. and Briedis, M. and AdamÃ­k, P.",Oecologia,10.1007/s00442-021-04930-x,ft056
es036,p017,c021,s045,Common murre,Uria aalge,Seabird,B,7,1.4,ICC,0.01,N,NA,GLS,Depart_breed,7 seabird colonies ranging 74 to 47 N,North America,-82.97,62.54,Breeding,,"Table 2, p. 7",text,Individual winter movement strategies in two species of murre (Uria spp.) in the Northwest Atlantic,2014,"McFarlane Tranquilla, L. A. and Montevecchi, W. A. and Fifield, D. A. and Hedd, A. and Gaston, A. J. and Robertson, G. J. and Phillips, R. A.",PLoS ONE,10.1371/journal.pone.0090583,ft081
es037,p017,c022,s045,Common murre,Uria aalge,Seabird,B,7,2.3,ICC,0.35,N,NA,GLS,Arrival_breed,7 seabird colonies ranging 74 to 47 N,North America,-82.97,62.54,Breeding,,"Table 2, p. 7",text,Individual winter movement strategies in two species of murre (Uria spp.) in the Northwest Atlantic,2014,"McFarlane Tranquilla, L. A. and Montevecchi, W. A. and Fifield, D. A. and Hedd, A. and Gaston, A. J. and Robertson, G. J. and Phillips, R. A.",PLoS ONE,10.1371/journal.pone.0090583,ft081
es038,p017,c023,s045,Common murre,Uria aalge,Seabird,B,6,2.7,ICC,0.42,N,NA,GLS,Arrival_breed,7 seabird colonies ranging 74 to 47 N,North America,-82.97,62.54,Breeding,,"Table 2, p. 7",text,Individual winter movement strategies in two species of murre (Uria spp.) in the Northwest Atlantic,2014,"McFarlane Tranquilla, L. A. and Montevecchi, W. A. and Fifield, D. A. and Hedd, A. and Gaston, A. J. and Robertson, G. J. and Phillips, R. A.",PLoS ONE,10.1371/journal.pone.0090583,ft081
es039,p017,c022,s045,Common murre,Uria aalge,Seabird,B,7,1.1,ICC,0.56,N,NA,GLS,Depart_breed,7 seabird colonies ranging 74 to 47 N,North America,-82.97,62.54,Breeding,,"Table 2, p. 7",text,Individual winter movement strategies in two species of murre (Uria spp.) in the Northwest Atlantic,2014,"McFarlane Tranquilla, L. A. and Montevecchi, W. A. and Fifield, D. A. and Hedd, A. and Gaston, A. J. and Robertson, G. J. and Phillips, R. A.",PLoS ONE,10.1371/journal.pone.0090583,ft081
es040,p017,c021,s045,Common murre,Uria aalge,Seabird,B,7,1.1,ICC,0.64,N,NA,GLS,Arrival_breed,7 seabird colonies ranging 74 to 47 N,North America,-82.97,62.54,Breeding,,"Table 2, p. 7",text,Individual winter movement strategies in two species of murre (Uria spp.) in the Northwest Atlantic,2014,"McFarlane Tranquilla, L. A. and Montevecchi, W. A. and Fifield, D. A. and Hedd, A. and Gaston, A. J. and Robertson, G. J. and Phillips, R. A.",PLoS ONE,10.1371/journal.pone.0090583,ft081
es041,p017,c023,s045,Common murre,Uria aalge,Seabird,B,6,3,ICC,0.82,N,NA,GLS,Depart_breed,7 seabird colonies ranging 74 to 47 N,North America,-82.97,62.54,Breeding,,"Table 2, p. 7",text,Individual winter movement strategies in two species of murre (Uria spp.) in the Northwest Atlantic,2014,"McFarlane Tranquilla, L. A. and Montevecchi, W. A. and Fifield, D. A. and Hedd, A. and Gaston, A. J. and Robertson, G. J. and Phillips, R. A.",PLoS ONE,10.1371/journal.pone.0090583,ft081
es042,p018,c027,s003,Common swift,Apus apus,Landbird,M,3,2,ICC,-0.45,N,NA,GLS,Depart_breed,"near Olpe, Germany",Europe,7.8166,51.033,Breeding,,"Table 2, p. 900",text,'Same procedure as last year?' Repeatedly tracked swifts show individual consistency in migration pattern in successive years,2017,"Wellbrock, A. H. J. and Bauch, C. and Rozman, J. and Witte, K.",Journal of Avian Biology,10.1111/jav.01251,ft123
es043,p018,c027,s003,Common swift,Apus apus,Landbird,M,3,2,ICC,-0.07,N,NA,GLS,Arrival_breed,"near Olpe, Germany",Europe,7.8166,51.033,Breeding,,"Table 2, p. 900",text,'Same procedure as last year?' Repeatedly tracked swifts show individual consistency in migration pattern in successive years,2017,"Wellbrock, A. H. J. and Bauch, C. and Rozman, J. and Witte, K.",Journal of Avian Biology,10.1111/jav.01251,ft123
es044,p018,c027,s003,Common swift,Apus apus,Landbird,M,3,2,ICC,0.67,N,NA,GLS,Nonbreed_arrival,"near Olpe, Germany",Europe,7.8166,51.033,Breeding,,"Table 2, p. 900",text,'Same procedure as last year?' Repeatedly tracked swifts show individual consistency in migration pattern in successive years,2017,"Wellbrock, A. H. J. and Bauch, C. and Rozman, J. and Witte, K.",Journal of Avian Biology,10.1111/jav.01251,ft123
es045,p019,c028,s041,Common tern,Sterna hirundo,Seabird,B,1232,4.3,ICC,0.2,Y,Reproductive stage,Conventional,Arrival_breed,"Wilhelmshaven, Germany",Europe,8.099,53.505,Breeding,"Age includes first time-breeders, inexperiend and experienced","p. 686, text, results",text,Canalization of phenology in common terns: Genetic and phenotypic variations in spring arrival date,2013,"Arnaud, C. M. and Becker, P. H. and Dobson F. S. and Charmantier A.",Behavioral Ecology,10.1093/beheco/ars214,ft162
es046,p019,c029,s041,Common tern,Sterna hirundo,Seabird,B,648,4.4,ICC,0.35,Y,"Age, sex, breeding success in previous year",Conventional,Arrival_breed,"Wilhelmshaven, Germany",Europe,8.099,53.505,Breeding,Experienced breeders only,"p. 686, text, results",text,Canalization of phenology in common terns: Genetic and phenotypic variations in spring arrival date,2013,"Arnaud, C. M. and Becker, P. H. and Dobson F. S. and Charmantier A.",Behavioral Ecology,10.1093/beheco/ars214,ft162
es047,p020,c030,s035,Desertas petrel,Pterodroma deserta,Seabird,B,4,2,ICC,0.49,N,NA,GLS,Arrival_breed,"Bugio Island, Madeira",Europe,-16.48,32.43,Breeding,,"Table 2, p. 146",text,Conservation implications of consistent foraging and trophic ecology in a rare petrel species,2016,"Ramirez, I. and Paiva, V. H. and Fagundes, I. and Menezes, D. and Silva, I. and Ceia, F. R. and Phillips, R. A. and Ramos, J. A. and Garthe, S.",Animal Conservation,10.1111/acv.12227,ft025
es048,p020,c030,s035,Desertas petrel,Pterodroma deserta,Seabird,B,4,2,ICC,0.56,N,NA,GLS,Depart_breed,"Bugio Island, Madeira",Europe,-16.48,32.43,Breeding,,"Table 2, p. 146",text,Conservation implications of consistent foraging and trophic ecology in a rare petrel species,2016,"Ramirez, I. and Paiva, V. H. and Fagundes, I. and Menezes, D. and Silva, I. and Ceia, F. R. and Phillips, R. A. and Ramos, J. A. and Garthe, S.",Animal Conservation,10.1111/acv.12227,ft025
es049,p020,c031,s035,Desertas petrel,Pterodroma deserta,Seabird,B,6,2.5,ICC,0.62,N,NA,GLS,Depart_breed,"Bugio Island, Madeira",Europe,-16.48,32.43,Breeding,,"Table 2, p. 146",text,Conservation implications of consistent foraging and trophic ecology in a rare petrel species,2016,"Ramirez, I. and Paiva, V. H. and Fagundes, I. and Menezes, D. and Silva, I. and Ceia, F. R. and Phillips, R. A. and Ramos, J. A. and Garthe, S.",Animal Conservation,10.1111/acv.12227,ft025
es050,p020,c031,s035,Desertas petrel,Pterodroma deserta,Seabird,B,6,2.5,ICC,0.63,N,NA,GLS,Arrival_breed,"Bugio Island, Madeira",Europe,-16.48,32.43,Breeding,,"Table 2, p. 146",text,Conservation implications of consistent foraging and trophic ecology in a rare petrel species,2016,"Ramirez, I. and Paiva, V. H. and Fagundes, I. and Menezes, D. and Silva, I. and Ceia, F. R. and Phillips, R. A. and Ramos, J. A. and Garthe, S.",Animal Conservation,10.1111/acv.12227,ft025
es051,p020,c032,s035,Desertas petrel,Pterodroma deserta,Seabird,B,5,2.2,ICC,0.67,N,NA,GLS,Depart_breed,"Bugio Island, Madeira",Europe,-16.48,32.43,Breeding,,"Table 2, p. 146",text,Conservation implications of consistent foraging and trophic ecology in a rare petrel species,2016,"Ramirez, I. and Paiva, V. H. and Fagundes, I. and Menezes, D. and Silva, I. and Ceia, F. R. and Phillips, R. A. and Ramos, J. A. and Garthe, S.",Animal Conservation,10.1111/acv.12227,ft025
es052,p020,c032,s035,Desertas petrel,Pterodroma deserta,Seabird,B,5,2.2,ICC,0.68,N,NA,GLS,Arrival_breed,"Bugio Island, Madeira",Europe,-16.48,32.43,Breeding,,"Table 2, p. 146",text,Conservation implications of consistent foraging and trophic ecology in a rare petrel species,2016,"Ramirez, I. and Paiva, V. H. and Fagundes, I. and Menezes, D. and Silva, I. and Ceia, F. R. and Phillips, R. A. and Ramos, J. A. and Garthe, S.",Animal Conservation,10.1111/acv.12227,ft025
es053,p020,c033,s035,Desertas petrel,Pterodroma deserta,Seabird,B,7,1.7,ICC,0.9,N,NA,GLS,Depart_breed,"Bugio Island, Madeira",Europe,-16.48,32.43,Breeding,,"Table 2, p. 146",text,Conservation implications of consistent foraging and trophic ecology in a rare petrel species,2016,"Ramirez, I. and Paiva, V. H. and Fagundes, I. and Menezes, D. and Silva, I. and Ceia, F. R. and Phillips, R. A. and Ramos, J. A. and Garthe, S.",Animal Conservation,10.1111/acv.12227,ft025
es054,p020,c034,s035,Desertas petrel,Pterodroma deserta,Seabird,B,4,2,ICC,0.91,N,NA,GLS,Depart_breed,"Bugio Island, Madeira",Europe,-16.48,32.43,Breeding,,"Table 2, p. 146",text,Conservation implications of consistent foraging and trophic ecology in a rare petrel species,2016,"Ramirez, I. and Paiva, V. H. and Fagundes, I. and Menezes, D. and Silva, I. and Ceia, F. R. and Phillips, R. A. and Ramos, J. A. and Garthe, S.",Animal Conservation,10.1111/acv.12227,ft025
es055,p020,c033,s035,Desertas petrel,Pterodroma deserta,Seabird,B,7,1.7,ICC,0.92,N,NA,GLS,Arrival_breed,"Bugio Island, Madeira",Europe,-16.48,32.43,Breeding,,"Table 2, p. 146",text,Conservation implications of consistent foraging and trophic ecology in a rare petrel species,2016,"Ramirez, I. and Paiva, V. H. and Fagundes, I. and Menezes, D. and Silva, I. and Ceia, F. R. and Phillips, R. A. and Ramos, J. A. and Garthe, S.",Animal Conservation,10.1111/acv.12227,ft025
es056,p020,c034,s035,Desertas petrel,Pterodroma deserta,Seabird,B,4,2,ICC,0.95,N,NA,GLS,Arrival_breed,"Bugio Island, Madeira",Europe,-16.48,32.43,Breeding,,"Table 2, p. 146",text,Conservation implications of consistent foraging and trophic ecology in a rare petrel species,2016,"Ramirez, I. and Paiva, V. H. and Fagundes, I. and Menezes, D. and Silva, I. and Ceia, F. R. and Phillips, R. A. and Ramos, J. A. and Garthe, S.",Animal Conservation,10.1111/acv.12227,ft025
es057,p021,c035,s030,Dusky warbler,Phylloscopus fuscatus,Landbird,M,12,2,ICC,0.34,N,NA,Conventional,Arrival_breed,"Malkachan river, Russian Far East",Europe,154.23,59.85,Breeding,,"p. 6, text, results",text,Benefits of early arrival at breeding grounds vary between males,2002,"Forstmeier, W.",Journal of Animal Ecology,10.1046/j.0021-8790.2001.00569.x,ft018
es058,p022,c036,s043,Eastern kingbird,Tyrannus tyrannus,Landbird,M,30,2.5,ICC,0.05,N,NA,Conventional,Arrival_breed,"Malheur National Wildlife Refuge, Oregon",North America,-118.9,42.816,Breeding,,"p. 38, text, results",text,Age- and sex-dependent spring arrival dates of Eastern Kingbirds,2009,"Cooper, N. W. and Murphy, M. T. and Redmond, L. J.",Journal of Field Ornithology,10.1111/j.1557-9263.2009.00203.x,ft006
es059,p022,c037,s043,Eastern kingbird,Tyrannus tyrannus,Landbird,M,20,2.3,ICC,0.05,N,NA,Conventional,Arrival_breed,"Malheur National Wildlife Refuge, Oregon",North America,-118.9,42.816,Breeding,,"p. 38, text, results",text,Age- and sex-dependent spring arrival dates of Eastern Kingbirds,2009,"Cooper, N. W. and Murphy, M. T. and Redmond, L. J.",Journal of Field Ornithology,10.1111/j.1557-9263.2009.00203.x,ft006
es060,p022,c038,s043,Eastern kingbird,Tyrannus tyrannus,Landbird,F,26,2.3,ICC,0.23,N,NA,Conventional,Arrival_breed,"Malheur National Wildlife Refuge, Oregon",North America,-118.9,42.816,Breeding,,"p. 38, text, results",text,Age- and sex-dependent spring arrival dates of Eastern Kingbirds,2009,"Cooper, N. W. and Murphy, M. T. and Redmond, L. J.",Journal of Field Ornithology,10.1111/j.1557-9263.2009.00203.x,ft006
es061,p022,c039,s043,Eastern kingbird,Tyrannus tyrannus,Landbird,F,19,2.4,ICC,0.39,N,NA,Conventional,Arrival_breed,"Malheur National Wildlife Refuge, Oregon",North America,-118.9,42.816,Breeding,,"p. 38, text, results",text,Age- and sex-dependent spring arrival dates of Eastern Kingbirds,2009,"Cooper, N. W. and Murphy, M. T. and Redmond, L. J.",Journal of Field Ornithology,10.1111/j.1557-9263.2009.00203.x,ft006
es062,p023,c040,s026,Egyptian vulture,Neophron percnopterus,Landbird,B,6,3.8,ICC,0.434,N,NA,Satellite,Nonbreed_depart,Castellón and Guadalajara provinces (Spain),Europe,-1.443056,40.432837,Breeding,,"Table 2, p. 647",text,Individual repeatability in timing and spatial flexibility of migration routes of trans-Saharan migratory raptors,2014,"Lopez-Lopez, P. and Garcia-Ripolles, C. and Urios, V.",Current Zoology,10.1093/czoolo/60.5.642,ft075
es063,p023,c040,s026,Egyptian vulture,Neophron percnopterus,Landbird,B,6,3.8,ICC,0.563,N,NA,Satellite,Arrival_breed,Castellón and Guadalajara provinces (Spain),Europe,-1.443056,40.432837,Breeding,,"Table 2, p. 647",text,Individual repeatability in timing and spatial flexibility of migration routes of trans-Saharan migratory raptors,2014,"Lopez-Lopez, P. and Garcia-Ripolles, C. and Urios, V.",Current Zoology,10.1093/czoolo/60.5.642,ft075
es064,p023,c040,s026,Egyptian vulture,Neophron percnopterus,Landbird,B,6,4.2,ICC,0.704,N,NA,Satellite,Nonbreed_arrival,Castellón and Guadalajara provinces (Spain),Europe,-1.443056,40.432837,Breeding,,"Table 2, p. 647",text,Individual repeatability in timing and spatial flexibility of migration routes of trans-Saharan migratory raptors,2014,"Lopez-Lopez, P. and Garcia-Ripolles, C. and Urios, V.",Current Zoology,10.1093/czoolo/60.5.642,ft075
es065,p023,c040,s026,Egyptian vulture,Neophron percnopterus,Landbird,B,6,4.2,ICC,0.705,N,NA,Satellite,Depart_breed,Castellón and Guadalajara provinces (Spain),Europe,-1.443056,40.432837,Breeding,,"Table 2, p. 647",text,Individual repeatability in timing and spatial flexibility of migration routes of trans-Saharan migratory raptors,2014,"Lopez-Lopez, P. and Garcia-Ripolles, C. and Urios, V.",Current Zoology,10.1093/czoolo/60.5.642,ft075
es066,p024,c041,s009,Emperor goose,Chen canagicus,Waterbird,F,18,2,ICC,0.341,N,NA,Conventional,Arrival_breed,"Kokechik Bay, YKD, Alaska",North America,-165.73,61.67,Breeding,,"Table 2, p. 387",text,Reproductive Ecology of Emperor Geese - Annual and Individual Variation in Nesting,1992,"Petersen, M. R.",Condor,10.2307/1369211,ft122
es067,p025,c042,s038,Eurasian woodcock,Scolopax rusticola,Waterbird,B,5,2.8,ICC,0.13,N,NA,Satellite,Nonbreed_depart,Italian peninsula,Italy,14.26,41.53,Non-breeding,,"Table 5, p. 161",text,Interindividual variation and consistency of migratory behavior in the Eurasian woodcock,2020,"Tedeschi, A. and Sorrenti, M. and Bottazzo, M. and Spagnesi, M. and Telletxea, I. and Ibanez, R. and Tormen, N. and De Pascalis, F. and Guidolin, L. and Rubolini, D.",Current Zoology,10.1093/cz/zoz038,ft087
es068,p025,c042,s038,Eurasian woodcock,Scolopax rusticola,Waterbird,B,8,2.6,ICC,0.89,N,NA,Satellite,Arrival_breed,Italian peninsula,Italy,14.26,41.53,Non-breeding,,"Table 5, p. 161",text,Interindividual variation and consistency of migratory behavior in the Eurasian woodcock,2020,"Tedeschi, A. and Sorrenti, M. and Bottazzo, M. and Spagnesi, M. and Telletxea, I. and Ibanez, R. and Tormen, N. and De Pascalis, F. and Guidolin, L. and Rubolini, D.",Current Zoology,10.1093/cz/zoz038,ft087
es069,p026,c043,s005,Ferruginous hawk,Buteo regalis,Landbird,B,25,2.7,ICC,0.17,N,NA,Satellite,Depart_breed,"Pacific northwest, northern grasslands, northern plains, Mexico (winter)",North America,-121.54,47.48,Both but mainly breeding grounds,,"Table 3, p. 566",text,Repeatability in migration of Ferruginous Hawks (Buteo regalis) and implications for nomadism,2019,"Watson, J. W. and Keren, I. N.",Wilson Journal of Ornithology,10.1676/18-171,ft118
es070,p026,c043,s005,Ferruginous hawk,Buteo regalis,Landbird,B,18,2.6,ICC,0.29,N,NA,Satellite,Nonbreed_arrival,"Pacific northwest, northern grasslands, northern plains, Mexico (winter)",North America,-121.54,47.48,Both but mainly breeding grounds,,"Table 3, p. 566",text,Repeatability in migration of Ferruginous Hawks (Buteo regalis) and implications for nomadism,2019,"Watson, J. W. and Keren, I. N.",Wilson Journal of Ornithology,10.1676/18-171,ft118
es071,p026,c043,s005,Ferruginous hawk,Buteo regalis,Landbird,B,14,2.7,ICC,0.34,N,NA,Satellite,Arrival_breed,"Pacific northwest, northern grasslands, northern plains, Mexico (winter)",North America,-121.54,47.48,Both but mainly breeding grounds,,"Table 3, p. 566",text,Repeatability in migration of Ferruginous Hawks (Buteo regalis) and implications for nomadism,2019,"Watson, J. W. and Keren, I. N.",Wilson Journal of Ornithology,10.1676/18-171,ft118
es072,p026,c043,s005,Ferruginous hawk,Buteo regalis,Landbird,B,10,2.6,ICC,0.53,N,NA,Satellite,Nonbreed_depart,"Pacific northwest, northern grasslands, northern plains, Mexico (winter)",North America,-121.54,47.48,Both but mainly breeding grounds,,"Table 3, p. 566",text,Repeatability in migration of Ferruginous Hawks (Buteo regalis) and implications for nomadism,2019,"Watson, J. W. and Keren, I. N.",Wilson Journal of Ornithology,10.1676/18-171,ft118
es073,p027,c044,s001,Great reed warbler,Acrocephalus arundinaceus,Landbird,M,7,2.3,ICC,-0.36,N,NA,GLS,Depart_breed,"Lake Kvismaren, Sweden",Europe,15.400516,59.169557,Breeding,,"p. 96, text, results",text,"Individual consistency of long-distance migration in a songbird: significant repeatability of autumn route, stopovers and wintering sites but not in timing of migration",2017,"Hasselquist, D. and Montras-Janer, T. and Tarka, M. and Hansson, B.",Journal of Avian Biology,10.1111/jav.01292,ft073
es074,p027,c044,s001,Great reed warbler,Acrocephalus arundinaceus,Landbird,M,4,2.3,ICC,0.23,N,NA,GLS,Nonbreed_depart,"Lake Kvismaren, Sweden",Europe,15.400516,59.169557,Breeding,,"p. 96, text, results",text,"Individual consistency of long-distance migration in a songbird: significant repeatability of autumn route, stopovers and wintering sites but not in timing of migration",2017,"Hasselquist, D. and Montras-Janer, T. and Tarka, M. and Hansson, B.",Journal of Avian Biology,10.1111/jav.01292,ft073
es075,p027,c044,s001,Great reed warbler,Acrocephalus arundinaceus,Landbird,M,4,2.3,ICC,0.25,N,NA,GLS,Arrival_breed,"Lake Kvismaren, Sweden",Europe,15.400516,59.169557,Breeding,,"p. 97, text, results",text,"Individual consistency of long-distance migration in a songbird: significant repeatability of autumn route, stopovers and wintering sites but not in timing of migration",2017,"Hasselquist, D. and Montras-Janer, T. and Tarka, M. and Hansson, B.",Journal of Avian Biology,10.1111/jav.01292,ft073
es076,p028,c045,s002,Greater snow goose,Anser caerulescens atlanticus,Waterbird,B,20,2.1,ICC,0.42,N,NA,Conventional,Arrival_breed,"Bylot Island migratory bird sanctuary, Canada",North America,-78.49,73.21,both?,,"Table 2, p. 4",text,Individual variation in timing of migration: causes and reproductive consequences in greater snow geese (Anser caerulescens atlanticus),2004,"Bety, J. and Giroux, J. F. and Gauthier, G.",Behavioral Ecology and Sociobiology,10.1007/s00265-004-0840-3,ft080
es077,p029,c046,s032,Grey petrel,Procellaria cinerea,Seabird,B,7,4.3,ICC,0.41,N,NA,GLS,Arrival_breed,"Mayes Island, Kerguelen Islands",Not,69.94,-49.47,Breeding,,"Table 3, p. 99",text,"Individual Consistency in the Non-Breeding Behavior of a Long-Distance Migrant Seabird, the Grey Petrel Procellaria Cinerea",2019,"Delord, K. and Barbraud, C. and Pinaud, D. and Ruault, S. and Patrick, S. C. and Weimerskirch, H.",Marine Ornithology,,ft072
es078,p029,c046,s032,Grey petrel,Procellaria cinerea,Seabird,B,7,4.3,ICC,0.44,N,NA,GLS,Depart_breed,"Mayes Island, Kerguelen Islands",Not,69.94,-49.47,Breeding,,"Table 3, p. 99",text,"Individual Consistency in the Non-Breeding Behavior of a Long-Distance Migrant Seabird, the Grey Petrel Procellaria Cinerea",2019,"Delord, K. and Barbraud, C. and Pinaud, D. and Ruault, S. and Patrick, S. C. and Weimerskirch, H.",Marine Ornithology,,ft072
es079,p029,c046,s032,Grey petrel,Procellaria cinerea,Seabird,B,7,4.3,ICC,0.55,N,NA,GLS,Nonbreed_arrival,"Mayes Island, Kerguelen Islands",Not,69.94,-49.47,Breeding,,"Table 3, p. 99",text,"Individual Consistency in the Non-Breeding Behavior of a Long-Distance Migrant Seabird, the Grey Petrel Procellaria Cinerea",2019,"Delord, K. and Barbraud, C. and Pinaud, D. and Ruault, S. and Patrick, S. C. and Weimerskirch, H.",Marine Ornithology,,ft072
es080,p029,c046,s032,Grey petrel,Procellaria cinerea,Seabird,B,7,4.3,ICC,0.7,N,NA,GLS,Nonbreed_depart,"Mayes Island, Kerguelen Islands",Not,69.94,-49.47,Breeding,,"Table 3, p. 99",text,"Individual Consistency in the Non-Breeding Behavior of a Long-Distance Migrant Seabird, the Grey Petrel Procellaria Cinerea",2019,"Delord, K. and Barbraud, C. and Pinaud, D. and Ruault, S. and Patrick, S. C. and Weimerskirch, H.",Marine Ornithology,,ft072
es081,p030,c047,s044,Hoopoe,Upupa epops,Landbird,B,16,2,ICC,0.24,N,NA,GLS,Nonbreed_depart,southern Switzerland,Europe,7.36,46.23,Breeding,,"Table 2, p. 8683",text,"Repeatability of individual migration routes, wintering sites, and timing in a long-distance migrant bird",2016,"van Wijk, R. E. and Bauer, S. and Schaub, M.",Ecology and Evolution,10.1002/ece3.2578,ft120
es082,p030,c047,s044,Hoopoe,Upupa epops,Landbird,B,12,2,ICC,0.43,N,NA,GLS,Arrival_breed,southern Switzerland,Europe,7.36,46.23,Breeding,,"Table 2, p. 8683",text,"Repeatability of individual migration routes, wintering sites, and timing in a long-distance migrant bird",2016,"van Wijk, R. E. and Bauer, S. and Schaub, M.",Ecology and Evolution,10.1002/ece3.2578,ft120
es083,p030,c047,s044,Hoopoe,Upupa epops,Landbird,B,16,2,ICC,0.73,N,NA,GLS,Nonbreed_arrival,southern Switzerland,Europe,7.36,46.23,Breeding,,"Table 2, p. 8683",text,"Repeatability of individual migration routes, wintering sites, and timing in a long-distance migrant bird",2016,"van Wijk, R. E. and Bauer, S. and Schaub, M.",Ecology and Evolution,10.1002/ece3.2578,ft120
es084,p030,c047,s044,Hoopoe,Upupa epops,Landbird,B,14,2,ICC,0.75,N,NA,GLS,Depart_breed,southern Switzerland,Europe,7.36,46.23,Breeding,,"Table 2, p. 8683",text,"Repeatability of individual migration routes, wintering sites, and timing in a long-distance migrant bird",2016,"van Wijk, R. E. and Bauer, S. and Schaub, M.",Ecology and Evolution,10.1002/ece3.2578,ft120
es085,p031,c048,s022,Marbled godwit,Limosa fedoa,Waterbird,B,5,3.2,ICC,0,N,NA,Satellite,Arrival_breed,"Ugashik Bay, Alaska",North America,-157.39,57.51,Breeding,,"Figure 3. C, p. 6",figure,Flexible timing of annual movements across consistently used sites by Marbled Godwits breeding in Alaska,2019,"Ruthrauff, D. R. and Tibbitts, T. L. and Gill, R. E.",Auk,10.1093/auk/uky007,ft054
es086,p031,c048,s022,Marbled godwit,Limosa fedoa,Waterbird,B,5,3.2,ICC,0.25,N,NA,Satellite,Nonbreed_depart,"Ugashik Bay, Alaska",North America,-157.39,57.51,Breeding,,"Figure 3. C, p. 6",figure,Flexible timing of annual movements across consistently used sites by Marbled Godwits breeding in Alaska,2019,"Ruthrauff, D. R. and Tibbitts, T. L. and Gill, R. E.",Auk,10.1093/auk/uky007,ft054
es087,p031,c048,s022,Marbled godwit,Limosa fedoa,Waterbird,B,5,4,ICC,0.32,N,NA,Satellite,Depart_breed,"Ugashik Bay, Alaska",North America,-157.39,57.51,Breeding,,"Figure 3. C, p. 6",figure,Flexible timing of annual movements across consistently used sites by Marbled Godwits breeding in Alaska,2019,"Ruthrauff, D. R. and Tibbitts, T. L. and Gill, R. E.",Auk,10.1093/auk/uky007,ft054
es088,p031,c048,s022,Marbled godwit,Limosa fedoa,Waterbird,B,5,4,ICC,0.45,N,NA,Satellite,Nonbreed_arrival,"Ugashik Bay, Alaska",North America,-157.39,57.51,Breeding,,"Figure 3. C, p. 6",figure,Flexible timing of annual movements across consistently used sites by Marbled Godwits breeding in Alaska,2019,"Ruthrauff, D. R. and Tibbitts, T. L. and Gill, R. E.",Auk,10.1093/auk/uky007,ft054
es089,p032,c049,s011,Marsh harrier,Circus aeruginosus,Landbird,B,4,4.8,ICC,0.35,N,NA,Satellite,Depart_breed,"Bergslagen, Lindesberg, Sweden",Europe,15.161838,58.797204,Breeding,,"Table 3, p. 181",text,Consistency in long-distance bird migration: contrasting patterns in time and space for two raptors,2016,"Vardanis, Y. and Nilsson, J. A. and Klaassen, R. H. G. and Strandberg, R. and Alerstam, T.",Animal Behaviour,10.1016/j.anbehav.2015.12.014,ft026
es090,p032,c049,s011,Marsh harrier,Circus aeruginosus,Landbird,B,4,4.8,ICC,0.6,N,NA,Satellite,Nonbreed_arrival,"Bergslagen, Lindesberg, Sweden",Europe,15.161838,58.797204,Breeding,,"Table 3, p. 181",text,Consistency in long-distance bird migration: contrasting patterns in time and space for two raptors,2016,"Vardanis, Y. and Nilsson, J. A. and Klaassen, R. H. G. and Strandberg, R. and Alerstam, T.",Animal Behaviour,10.1016/j.anbehav.2015.12.014,ft026
es091,p032,c049,s011,Marsh harrier,Circus aeruginosus,Landbird,B,3,5,ICC,0.63,N,NA,Satellite,Arrival_breed,"Bergslagen, Lindesberg, Sweden",Europe,15.161838,58.797204,Breeding,,"Table 3, p. 181",text,Consistency in long-distance bird migration: contrasting patterns in time and space for two raptors,2016,"Vardanis, Y. and Nilsson, J. A. and Klaassen, R. H. G. and Strandberg, R. and Alerstam, T.",Animal Behaviour,10.1016/j.anbehav.2015.12.014,ft026
es092,p032,c049,s011,Marsh harrier,Circus aeruginosus,Landbird,B,3,5,ICC,0.81,N,NA,Satellite,Nonbreed_depart,"Bergslagen, Lindesberg, Sweden",Europe,15.161838,58.797204,Breeding,,"Table 3, p. 181",text,Consistency in long-distance bird migration: contrasting patterns in time and space for two raptors,2016,"Vardanis, Y. and Nilsson, J. A. and Klaassen, R. H. G. and Strandberg, R. and Alerstam, T.",Animal Behaviour,10.1016/j.anbehav.2015.12.014,ft026
es093,p033,c050,s025,Northern gannet,Morus bassanus,Seabird,B,16,2,ICC,0.01,N,NA,GLS,Depart_breed,Bonaventure Island,North America,-64.15,48.483,Breeding,,"Table 5, p. 29",text,Migratory tactics and wintering areas of northern gannets (morus bassanus) breeding in North America,2014,"Fifield, D. A. and Montevecchi, W. A. and Garthe, S. and Robertson, G. J. and Kubetzki, U. and Rail, J. F.",Ornithological Monographs,,ft109
es094,p033,c050,s025,Northern gannet,Morus bassanus,Seabird,B,14,2,ICC,0.01,N,NA,GLS,Arrival_breed,Bonaventure Island,North America,-64.15,48.483,Breeding,,"Table 5, p. 29",text,Migratory tactics and wintering areas of northern gannets (morus bassanus) breeding in North America,2014,"Fifield, D. A. and Montevecchi, W. A. and Garthe, S. and Robertson, G. J. and Kubetzki, U. and Rail, J. F.",Ornithological Monographs,,ft109
es095,p033,c050,s025,Northern gannet,Morus bassanus,Seabird,B,16,2,ICC,0.42,N,NA,GLS,Nonbreed_arrival,Bonaventure Island,North America,-64.15,48.483,Breeding,,"Table 5, p. 29",text,Migratory tactics and wintering areas of northern gannets (morus bassanus) breeding in North America,2014,"Fifield, D. A. and Montevecchi, W. A. and Garthe, S. and Robertson, G. J. and Kubetzki, U. and Rail, J. F.",Ornithological Monographs,,ft109
es096,p033,c050,s025,Northern gannet,Morus bassanus,Seabird,B,14,2,ICC,0.9,N,NA,GLS,Nonbreed_depart,Bonaventure Island,North America,-64.15,48.483,Breeding,,"Table 5, p. 29",text,Migratory tactics and wintering areas of northern gannets (morus bassanus) breeding in North America,2014,"Fifield, D. A. and Montevecchi, W. A. and Garthe, S. and Robertson, G. J. and Kubetzki, U. and Rail, J. F.",Ornithological Monographs,,ft109
es097,p032,c051,s028,Osprey,Pandion haliaetus,Landbird,B,7,2.9,ICC,0.04,N,NA,Satellite,Nonbreed_arrival,"Bergslagen, Lindesberg, Sweden",Europe,15.161838,58.797204,Breeding,,"Table 3, p. 181",text,Consistency in long-distance bird migration: contrasting patterns in time and space for two raptors,2016,"Vardanis, Y. and Nilsson, J. A. and Klaassen, R. H. G. and Strandberg, R. and Alerstam, T.",Animal Behaviour,10.1016/j.anbehav.2015.12.014,ft026
es098,p032,c051,s028,Osprey,Pandion haliaetus,Landbird,B,4,3.3,ICC,0.07,N,NA,Satellite,Arrival_breed,"Bergslagen, Lindesberg, Sweden",Europe,15.161838,58.797204,Breeding,,"Table 3, p. 181",text,Consistency in long-distance bird migration: contrasting patterns in time and space for two raptors,2016,"Vardanis, Y. and Nilsson, J. A. and Klaassen, R. H. G. and Strandberg, R. and Alerstam, T.",Animal Behaviour,10.1016/j.anbehav.2015.12.014,ft026
es099,p032,c051,s028,Osprey,Pandion haliaetus,Landbird,B,7,2.9,ICC,0.17,N,NA,Satellite,Depart_breed,"Bergslagen, Lindesberg, Sweden",Europe,15.161838,58.797204,Breeding,,"Table 3, p. 181",text,Consistency in long-distance bird migration: contrasting patterns in time and space for two raptors,2016,"Vardanis, Y. and Nilsson, J. A. and Klaassen, R. H. G. and Strandberg, R. and Alerstam, T.",Animal Behaviour,10.1016/j.anbehav.2015.12.014,ft026
es100,p032,c051,s028,Osprey,Pandion haliaetus,Landbird,B,4,3.3,ICC,0.38,N,NA,Satellite,Nonbreed_depart,"Bergslagen, Lindesberg, Sweden",Europe,15.161838,58.797204,Breeding,,"Table 3, p. 181",text,Consistency in long-distance bird migration: contrasting patterns in time and space for two raptors,2016,"Vardanis, Y. and Nilsson, J. A. and Klaassen, R. H. G. and Strandberg, R. and Alerstam, T.",Animal Behaviour,10.1016/j.anbehav.2015.12.014,ft026
es101,p034,c052,s020,Pallas gull,Larus ichthyaetus,Seabird,B,4,3,ICC,-0.07,N,NA,Satellite,Depart_breed,"Qinghai Lake, China",Not,100,36.88,Breeding,,"Table 2, p. 10",text,Detours in long-distance migration across the Qinghai-Tibetan Plateau: Individual consistency and habitat associations,2018,"Liu, D. and Zhang, G. and Jiang, H. and Lu, J.",PeerJ,10.7717/peerj.4304,ft035
es102,p034,c052,s020,Pallas gull,Larus ichthyaetus,Seabird,B,4,2.5,ICC,0.78,N,NA,Satellite,Arrival_breed,"Qinghai Lake, China",Not,100,36.88,Breeding,,"Table 2, p. 10",text,Detours in long-distance migration across the Qinghai-Tibetan Plateau: Individual consistency and habitat associations,2018,"Liu, D. and Zhang, G. and Jiang, H. and Lu, J.",PeerJ,10.7717/peerj.4304,ft035
es103,p034,c052,s020,Pallas gull,Larus ichthyaetus,Seabird,B,4,2.5,ICC,0.84,N,NA,Satellite,Nonbreed_depart,"Qinghai Lake, China",Not,100,36.88,Breeding,,"Table 2, p. 10",text,Detours in long-distance migration across the Qinghai-Tibetan Plateau: Individual consistency and habitat associations,2018,"Liu, D. and Zhang, G. and Jiang, H. and Lu, J.",PeerJ,10.7717/peerj.4304,ft035
es104,p034,c052,s020,Pallas gull,Larus ichthyaetus,Seabird,B,4,3,ICC,0.85,N,NA,Satellite,Nonbreed_arrival,"Qinghai Lake, China",Not,100,36.88,Breeding,,"Table 2, p. 10",text,Detours in long-distance migration across the Qinghai-Tibetan Plateau: Individual consistency and habitat associations,2018,"Liu, D. and Zhang, G. and Jiang, H. and Lu, J.",PeerJ,10.7717/peerj.4304,ft035
es105,p035,c053,s014,Pied flycatcher,Ficedula hypoleuca,Landbird,F,116,2.3,ICC,0.078,Y,Age,Conventional,Arrival_breed,Sinober in Sørkedalen,Europe,10.633,59.983,Breeding,,"p. 992, text, results",text,"Advancement of spring arrival in a long-term study of a passerine bird: sex, age and environmental effects",2017,"Cadahia, L. and Labra, A. and Knudsen, E. and Nilsson, A. and Lampe, H. M. and Slagsvold, T. and Stenseth, N. C.",Oecologia,10.1007/s00442-017-3922-4,ft002
es106,p036,c056,s014,Pied flycatcher,Ficedula hypoleuca,Landbird,M,39,2.3,ICC,0.09,N,NA,Conventional,Arrival_breed,"La Hiruela, Spain",Europe,-3.45,41.066,Breeding,,"p. 704, text, results",text,Arrival time from spring migration in male Pied Flycatchers: Individual consistency and familial resemblance,1998,"Potti, J.",Condor,10.2307/1369752,ft016
es107,p035,c054,s014,Pied flycatcher,Ficedula hypoleuca,Landbird,M,364,2.7,ICC,0.167,Y,Age,Conventional,Arrival_breed,Sinober in Sørkedalen,Europe,10.633,59.983,Breeding,,"p. 992, text, results",text,"Advancement of spring arrival in a long-term study of a passerine bird: sex, age and environmental effects",2017,"Cadahia, L. and Labra, A. and Knudsen, E. and Nilsson, A. and Lampe, H. M. and Slagsvold, T. and Stenseth, N. C.",Oecologia,10.1007/s00442-017-3922-4,ft002
es108,p035,c055,s014,Pied flycatcher,Ficedula hypoleuca,Landbird,B,480,2.6,ICC,0.212,Y,Age,Conventional,Arrival_breed,Sinober in Sørkedalen,Europe,10.633,59.983,Breeding,,"p. 992, text, results",text,"Advancement of spring arrival in a long-term study of a passerine bird: sex, age and environmental effects",2017,"Cadahia, L. and Labra, A. and Knudsen, E. and Nilsson, A. and Lampe, H. M. and Slagsvold, T. and Stenseth, N. C.",Oecologia,10.1007/s00442-017-3922-4,ft002
es109,p037,c057,s014,Pied flycatcher,Ficedula hypoleuca,Landbird,M,307,2.31,ICC,0.27,N,NA,Conventional,Arrival_breed,"Drenthe, The Netherlands",Europe,6.36,52.816,Breeding,,"Table 3, p. 14",text,Repeatability in spring arrival dates in Pied Flycatchers varies among years and sexes,2016,"Both, C. and Bijlsma, R. G. and Ouwehand, J.",Ardea,10.5253/arde.v104i1.a1,ft119
es110,p037,c058,s014,Pied flycatcher,Ficedula hypoleuca,Landbird,F,221,2.39,ICC,0.3,N,NA,Conventional,Arrival_breed,"Drenthe, The Netherlands",Europe,6.36,52.816,Breeding,,"Table 3, p. 14",text,Repeatability in spring arrival dates in Pied Flycatchers varies among years and sexes,2016,"Both, C. and Bijlsma, R. G. and Ouwehand, J.",Ardea,10.5253/arde.v104i1.a1,ft119
es111,p038,c059,s033,Purple martin,Progne subis,Landbird,B,33,2,ICC,0.0009,Y,"Sex, age (fixed), breeding colony, individual, year (random)",GLS,Nonbreed_arrival,,US,-80.09,41.8,Breeding,,"Table 1, p. 3",text,"Individual Variability in Migration Timing Can Explain Long-Term, Population-Level Advances in a Songbird",2019,"Fraser, K. C. and Shave, A. and de Greef, E. and Siegrist, J. and Garroway, C. J.",Frontiers in Ecology and Evolution,10.3389/fevo.2019.00324,ft077
es112,p038,c059,s033,Purple martin,Progne subis,Landbird,B,33,2,ICC,0.001,Y,"Sex, age (fixed), breeding colony, individual, year (random)",GLS,Depart_breed,,US,-80.09,41.8,Breeding,,"Table 1, p. 3",text,"Individual Variability in Migration Timing Can Explain Long-Term, Population-Level Advances in a Songbird",2019,"Fraser, K. C. and Shave, A. and de Greef, E. and Siegrist, J. and Garroway, C. J.",Frontiers in Ecology and Evolution,10.3389/fevo.2019.00324,ft077
es113,p038,c059,s033,Purple martin,Progne subis,Landbird,B,33,2,ICC,0.32,Y,"Sex, age (fixed), breeding colony, individual, year (random)",GLS,Arrival_breed,,US,-80.09,41.8,Breeding,,"Table 1, p. 3",text,"Individual Variability in Migration Timing Can Explain Long-Term, Population-Level Advances in a Songbird",2019,"Fraser, K. C. and Shave, A. and de Greef, E. and Siegrist, J. and Garroway, C. J.",Frontiers in Ecology and Evolution,10.3389/fevo.2019.00324,ft077
es114,p038,c059,s033,Purple martin,Progne subis,Landbird,B,33,2,ICC,0.39,Y,"Sex, age (fixed), breeding colony, individual, year (random)",GLS,Nonbreed_depart,,US,-80.09,41.8,Breeding,,"Table 1, p. 3",text,"Individual Variability in Migration Timing Can Explain Long-Term, Population-Level Advances in a Songbird",2019,"Fraser, K. C. and Shave, A. and de Greef, E. and Siegrist, J. and Garroway, C. J.",Frontiers in Ecology and Evolution,10.3389/fevo.2019.00324,ft077
es115,p039,c060,s018,Red-backed shrike,Lanius collurio,Landbird,M,7,2,ICC,0.38,N,NA,GLS,Depart_breed,"Gribskov, Denmark",Europe,12.28109,55.965809,Breeding,,"Table 1, p. 139",text,Full-year tracking suggests endogenous control of migration timing in a long-distance migratory songbird,2018,"Pedersen, L. and Jackson, K. and Thorup, K. and Tottrup, A. P.",Behavioral Ecology and Sociobiology,10.1007/s00265-018-2553-z,ft055
es116,p040,c061,s034,Round Island petrel,Pterodroma arminjoniana,Seabird,B,76,2.2,ICC,0.787,N,NA,GLS,Depart_breed,Round Island,Mauritius,57.78,-19.85,Breeding,,NA,NA,NA,unpub,"Franklin, K. A.",NA,NA,NA
es117,p040,c061,s034,Round Island petrel,Pterodroma arminjoniana,Seabird,B,62,2.1,ICC,0.813,N,NA,GLS,Arrival_breed,Round Island,Mauritius,57.78,-19.85,Breeding,,NA,NA,NA,unpub,"Franklin, K. A.",NA,MA,NA
es118,p041,c062,s006,Scopoli's shearwater,Calonectris diomedea,Seabird,F,5,2.2,ICC,0,N,NA,GLS,Arrival_breed,"Linosa, Sicily",Europe,12.868,35.864,Breeding,,"Table 3, p. 635",text,Individual consistency and sex differences in migration strategies of Scopoli's shearwaters Calonectris diomedea despite year differences,2014,"Muller, M. S. and Massa, B. and Phillips, R. A. and Dell'Omo, G.",Current Zoology,10.1093/czoolo/60.5.631,ft069
es119,p041,c063,s006,Scopoli's shearwater,Calonectris diomedea,Seabird,M,7,2.1,ICC,0.199,N,NA,GLS,Arrival_breed,"Linosa, Sicily",Europe,12.868,35.864,Breeding,Unsure if they have fixed effect,"Table 3, p. 635",text,Individual consistency and sex differences in migration strategies of Scopoli's shearwaters Calonectris diomedea despite year differences,2014,"Muller, M. S. and Massa, B. and Phillips, R. A. and Dell'Omo, G.",Current Zoology,10.1093/czoolo/60.5.631,ft069
es120,p041,c062,s006,Scopoli's shearwater,Calonectris diomedea,Seabird,F,5,2.2,ICC,0.356,N,NA,GLS,Depart_breed,"Linosa, Sicily",Europe,12.868,35.864,Breeding,,"Table 3, p. 635",text,Individual consistency and sex differences in migration strategies of Scopoli's shearwaters Calonectris diomedea despite year differences,2014,"Muller, M. S. and Massa, B. and Phillips, R. A. and Dell'Omo, G.",Current Zoology,10.1093/czoolo/60.5.631,ft069
es121,p041,c063,s006,Scopoli's shearwater,Calonectris diomedea,Seabird,M,7,2.1,ICC,0.416,N,NA,GLS,Depart_breed,"Linosa, Sicily",Europe,12.868,35.864,Breeding,,"Table 3, p. 635",text,Individual consistency and sex differences in migration strategies of Scopoli's shearwaters Calonectris diomedea despite year differences,2014,"Muller, M. S. and Massa, B. and Phillips, R. A. and Dell'Omo, G.",Current Zoology,10.1093/czoolo/60.5.631,ft069
es122,p042,c064,s007,Streaked shearwater,Calonectris leucomelas,Seabird,F,10,2,r,-0.48,N,NA,GLS,Depart_breed,"Sangan Island, Mikura Island and Awa Island, Japan",Not,141.98,39.31,Breeding,,"Figure 3. A, p. 694",text,Individual consistency in migratory behaviour of a pelagic seabird,2014,"Yamamoto, T. and Takahashi, A. and Sato, K. and Oka, N. and Yamamoto, M. and Trathan, P. N.",Behaviour,10.1163/1568539X-00003163,ft070
es123,p042,c065,s007,Streaked shearwater,Calonectris leucomelas,Seabird,M,12,2,r,-0.41,N,NA,GLS,Depart_breed,"Sangan Island, Mikura Island and Awa Island, Japan",Not,141.98,39.31,Breeding,,"Figure 3. A, p. 694",text,Individual consistency in migratory behaviour of a pelagic seabird,2014,"Yamamoto, T. and Takahashi, A. and Sato, K. and Oka, N. and Yamamoto, M. and Trathan, P. N.",Behaviour,10.1163/1568539X-00003163,ft070
es124,p042,c066,s007,Streaked shearwater,Calonectris leucomelas,Seabird,M,11,2,r,-0.3,N,NA,GLS,Depart_breed,"Sangan Island, Mikura Island and Awa Island, Japan",Not,141.98,39.31,Breeding,,"Figure 3. A, p. 694",text,Individual consistency in migratory behaviour of a pelagic seabird,2014,"Yamamoto, T. and Takahashi, A. and Sato, K. and Oka, N. and Yamamoto, M. and Trathan, P. N.",Behaviour,10.1163/1568539X-00003163,ft070
es125,p042,c065,s007,Streaked shearwater,Calonectris leucomelas,Seabird,M,13,2,r,-0.24,N,NA,GLS,Arrival_breed,"Sangan Island, Mikura Island and Awa Island, Japan",Not,141.98,39.31,Breeding,,"Figure 3. D, p. 694",text,Individual consistency in migratory behaviour of a pelagic seabird,2014,"Yamamoto, T. and Takahashi, A. and Sato, K. and Oka, N. and Yamamoto, M. and Trathan, P. N.",Behaviour,10.1163/1568539X-00003163,ft070
es126,p042,c067,s007,Streaked shearwater,Calonectris leucomelas,Seabird,F,11,2,r,-0.15,N,NA,GLS,Depart_breed,"Sangan Island, Mikura Island and Awa Island, Japan",Not,141.98,39.31,Breeding,,"Figure 3. A, p. 694",text,Individual consistency in migratory behaviour of a pelagic seabird,2014,"Yamamoto, T. and Takahashi, A. and Sato, K. and Oka, N. and Yamamoto, M. and Trathan, P. N.",Behaviour,10.1163/1568539X-00003163,ft070
es127,p042,c066,s007,Streaked shearwater,Calonectris leucomelas,Seabird,M,9,2,r,0.08,N,NA,GLS,Arrival_breed,"Sangan Island, Mikura Island and Awa Island, Japan",Not,141.98,39.31,Breeding,,"Figure 3. D, p. 694",text,Individual consistency in migratory behaviour of a pelagic seabird,2014,"Yamamoto, T. and Takahashi, A. and Sato, K. and Oka, N. and Yamamoto, M. and Trathan, P. N.",Behaviour,10.1163/1568539X-00003163,ft070
es128,p042,c064,s007,Streaked shearwater,Calonectris leucomelas,Seabird,F,10,2,r,0.18,N,NA,GLS,Arrival_breed,"Sangan Island, Mikura Island and Awa Island, Japan",Not,141.98,39.31,Breeding,,"Figure 3. D, p. 694",text,Individual consistency in migratory behaviour of a pelagic seabird,2014,"Yamamoto, T. and Takahashi, A. and Sato, K. and Oka, N. and Yamamoto, M. and Trathan, P. N.",Behaviour,10.1163/1568539X-00003163,ft070
es129,p042,c067,s007,Streaked shearwater,Calonectris leucomelas,Seabird,F,9,2,r,0.95,N,NA,GLS,Arrival_breed,"Sangan Island, Mikura Island and Awa Island, Japan",Not,141.98,39.31,Breeding,,"Figure 3. D, p. 694",text,Individual consistency in migratory behaviour of a pelagic seabird,2014,"Yamamoto, T. and Takahashi, A. and Sato, K. and Oka, N. and Yamamoto, M. and Trathan, P. N.",Behaviour,10.1163/1568539X-00003163,ft070
es130,p017,c024,s046,Thick-billed murre,Uria lomvia,Seabird,B,3,1.3,ICC,0,N,NA,GLS,Arrival_breed,7 seabird colonies ranging 74 to 47 N,North America,-82.97,62.54,Breeding,,"Table 2, p. 7",text,Individual winter movement strategies in two species of murre (Uria spp.) in the Northwest Atlantic,2014,"McFarlane Tranquilla, L. A. and Montevecchi, W. A. and Fifield, D. A. and Hedd, A. and Gaston, A. J. and Robertson, G. J. and Phillips, R. A.",PLoS ONE,10.1371/journal.pone.0090583,ft081
es131,p017,c025,s046,Thick-billed murre,Uria lomvia,Seabird,B,8,2.1,ICC,0.01,N,NA,GLS,Depart_breed,7 seabird colonies ranging 74 to 47 N,North America,-82.97,62.54,Breeding,,"Table 2, p. 7",text,Individual winter movement strategies in two species of murre (Uria spp.) in the Northwest Atlantic,2014,"McFarlane Tranquilla, L. A. and Montevecchi, W. A. and Fifield, D. A. and Hedd, A. and Gaston, A. J. and Robertson, G. J. and Phillips, R. A.",PLoS ONE,10.1371/journal.pone.0090583,ft081
es132,p017,c026,s046,Thick-billed murre,Uria lomvia,Seabird,B,7,1.4,ICC,0.01,N,NA,GLS,Depart_breed,7 seabird colonies ranging 74 to 47 N,North America,-82.97,62.54,Breeding,,"Table 2, p. 7",text,Individual winter movement strategies in two species of murre (Uria spp.) in the Northwest Atlantic,2014,"McFarlane Tranquilla, L. A. and Montevecchi, W. A. and Fifield, D. A. and Hedd, A. and Gaston, A. J. and Robertson, G. J. and Phillips, R. A.",PLoS ONE,10.1371/journal.pone.0090583,ft081
es133,p017,c024,s046,Thick-billed murre,Uria lomvia,Seabird,B,3,2,ICC,0.01,N,NA,GLS,Depart_breed,7 seabird colonies ranging 74 to 47 N,North America,-82.97,62.54,Breeding,,"Table 2, p. 7",text,Individual winter movement strategies in two species of murre (Uria spp.) in the Northwest Atlantic,2014,"McFarlane Tranquilla, L. A. and Montevecchi, W. A. and Fifield, D. A. and Hedd, A. and Gaston, A. J. and Robertson, G. J. and Phillips, R. A.",PLoS ONE,10.1371/journal.pone.0090583,ft081
es134,p017,c026,s046,Thick-billed murre,Uria lomvia,Seabird,B,7,2,ICC,0.04,N,NA,GLS,Arrival_breed,7 seabird colonies ranging 74 to 47 N,North America,-82.97,62.54,Breeding,,"Table 2, p. 7",text,Individual winter movement strategies in two species of murre (Uria spp.) in the Northwest Atlantic,2014,"McFarlane Tranquilla, L. A. and Montevecchi, W. A. and Fifield, D. A. and Hedd, A. and Gaston, A. J. and Robertson, G. J. and Phillips, R. A.",PLoS ONE,10.1371/journal.pone.0090583,ft081
es135,p017,c025,s046,Thick-billed murre,Uria lomvia,Seabird,B,8,1.5,ICC,0.18,N,NA,GLS,Arrival_breed,7 seabird colonies ranging 74 to 47 N,North America,-82.97,62.54,Breeding,,"Table 2, p. 7",text,Individual winter movement strategies in two species of murre (Uria spp.) in the Northwest Atlantic,2014,"McFarlane Tranquilla, L. A. and Montevecchi, W. A. and Fifield, D. A. and Hedd, A. and Gaston, A. J. and Robertson, G. J. and Phillips, R. A.",PLoS ONE,10.1371/journal.pone.0090583,ft081
es136,p043,c068,s027,Whimbrel,Numenius phaeopus,Waterbird,B,12,2.6,ICC,0.23,N,NA,GLS,Arrival_breed,Iceland,Europe,-20.2,63.8,Breeding,,"Table 2, p. 5",text,Why Are Whimbrels Not Advancing Their Arrival Dates Into Iceland? Exploring Seasonal and Sex-Specific Variation in Consistency of Individual Timing During the Annual Cycle,2019,"Carneiro, C. and Gunnarsson, T. G. and Alves, J. A.",Frontiers in Ecology and Evolution,10.3389/fevo.2019.00248,ft149
es137,p043,c068,s027,Whimbrel,Numenius phaeopus,Waterbird,B,16,2.9,ICC,0.26,N,NA,GLS,Nonbreed_arrival,Iceland,Europe,-20.2,63.8,Breeding,,"Table 2, p. 5",text,Why Are Whimbrels Not Advancing Their Arrival Dates Into Iceland? Exploring Seasonal and Sex-Specific Variation in Consistency of Individual Timing During the Annual Cycle,2019,"Carneiro, C. and Gunnarsson, T. G. and Alves, J. A.",Frontiers in Ecology and Evolution,10.3389/fevo.2019.00248,ft149
es138,p043,c068,s027,Whimbrel,Numenius phaeopus,Waterbird,B,16,2.9,ICC,0.28,N,NA,GLS,Depart_breed,Iceland,Europe,-20.2,63.8,Breeding,,"Table 2, p. 5",text,Why Are Whimbrels Not Advancing Their Arrival Dates Into Iceland? Exploring Seasonal and Sex-Specific Variation in Consistency of Individual Timing During the Annual Cycle,2019,"Carneiro, C. and Gunnarsson, T. G. and Alves, J. A.",Frontiers in Ecology and Evolution,10.3389/fevo.2019.00248,ft149
es139,p043,c068,s027,Whimbrel,Numenius phaeopus,Waterbird,B,12,2.6,ICC,0.76,N,NA,GLS,Nonbreed_depart,Iceland,Europe,-20.2,63.8,Breeding,,"Table 2, p. 5",text,Why Are Whimbrels Not Advancing Their Arrival Dates Into Iceland? Exploring Seasonal and Sex-Specific Variation in Consistency of Individual Timing During the Annual Cycle,2019,"Carneiro, C. and Gunnarsson, T. G. and Alves, J. A.",Frontiers in Ecology and Evolution,10.3389/fevo.2019.00248,ft149
es140,p044,c069,s010,White stork,Ciconia ciconia,Waterbird,B,35,2.6,ICC,0.49,N,NA,Satellite,Arrival_breed,Saxony- Anhalt,Germany,11.5,51.9,Breeding,,"p. 1631, text, results",text,"Early arrival at breeding grounds: Causes, costs and a trade-off with overwintering latitude",2018,"Rotics, S. and Kaatz, M. and Turjeman, S. and Zurell, D. and Wikelski, M. and Sapir, N. and Eggers, U. and Fiedler, W. and Jeltsch, F. and Nathan, R.",Journal of Animal Ecology,10.1111/1365-2656.12898,ft164
es141,p044,c069,s010,White stork,Ciconia ciconia,Waterbird,B,35,2.6,ICC,0.51,N,NA,Satellite,Nonbreed_depart,Saxony- Anhalt,Germany,11.5,51.9,Breeding,,"p. 1631, text, results",text,"Early arrival at breeding grounds: Causes, costs and a trade-off with overwintering latitude",2018,"Rotics, S. and Kaatz, M. and Turjeman, S. and Zurell, D. and Wikelski, M. and Sapir, N. and Eggers, U. and Fiedler, W. and Jeltsch, F. and Nathan, R.",Journal of Animal Ecology,10.1111/1365-2656.12898,ft164
es142,p045,c070,s031,Willow warbler,Phylloscopus trochilus,Landbird,M,39,2.4,ICC,0.269,N,NA,Conventional,Arrival_breed,"Milford Common, Surrey",Europe, -0.65,51.166,Breeding,,"Table 2, p. 65",text,Individual consistency in the arrival dates of territorial male Willow Warblers Phylloscopus trochilus,2016,"Lawn, M. R.",Ringing and Migration,10.1080/03078698.2016.1190618,ft071
es143,p045,c071,s031,Willow warbler,Phylloscopus trochilus,Landbird,M,79,2,ICC,0.338,N,NA,Conventional,Arrival_breed,"Milford Common, Surrey",Europe, -0.65,51.166,Breeding,,"Table 2, p. 65",text,Individual consistency in the arrival dates of territorial male Willow Warblers Phylloscopus trochilus,2016,"Lawn, M. R.",Ringing and Migration,10.1080/03078698.2016.1190618,ft071
es144,p045,c072,s031,Willow warbler,Phylloscopus trochilus,Landbird,M,16,2,ICC,0.645,N,NA,Conventional,Arrival_breed,"Milford Common, Surrey",Europe, -0.65,51.166,Breeding,,"Table 2, p. 65",text,Individual consistency in the arrival dates of territorial male Willow Warblers Phylloscopus trochilus,2016,"Lawn, M. R.",Ringing and Migration,10.1080/03078698.2016.1190618,ft071
es145,p046,c073,s017,Wood thrush,Hylocichla mustelina,Landbird,B,8,2,ICC,0.05,N,NA,GLS,Depart_breed,Pennsylvania,North America,-79.89,41.797,Breeding,,"Table 2, p. 4",text,Repeat tracking of individual songbirds reveals consistent migration timing but flexibility in route,2012,"Stanley, C. Q. and MacPherson, M. and Fraser, K. C. and McKinnon, E. A. and Stutchbury, B. J. M.",PLoS ONE,10.1371/journal.pone.0040688,ft117
es146,p046,c073,s017,Wood thrush,Hylocichla mustelina,Landbird,B,9,2,ICC,0.62,N,NA,GLS,Nonbreed_arrival,Pennsylvania,North America,-79.89,41.797,Breeding,,"Table 2, p. 4",text,Repeat tracking of individual songbirds reveals consistent migration timing but flexibility in route,2012,"Stanley, C. Q. and MacPherson, M. and Fraser, K. C. and McKinnon, E. A. and Stutchbury, B. J. M.",PLoS ONE,10.1371/journal.pone.0040688,ft117
es147,p046,c073,s017,Wood thrush,Hylocichla mustelina,Landbird,B,9,2,ICC,0.66,N,NA,GLS,Arrival_breed,Pennsylvania,North America,-79.89,41.797,Breeding,,"Table 2, p. 4",text,Repeat tracking of individual songbirds reveals consistent migration timing but flexibility in route,2012,"Stanley, C. Q. and MacPherson, M. and Fraser, K. C. and McKinnon, E. A. and Stutchbury, B. J. M.",PLoS ONE,10.1371/journal.pone.0040688,ft117
es148,p046,c073,s017,Wood thrush,Hylocichla mustelina,Landbird,B,10,2,ICC,0.71,N,NA,GLS,Nonbreed_depart,Pennsylvania,North America,-79.89,41.797,Breeding,,"Table 2, p. 4",text,Repeat tracking of individual songbirds reveals consistent migration timing but flexibility in route,2012,"Stanley, C. Q. and MacPherson, M. and Fraser, K. C. and McKinnon, E. A. and Stutchbury, B. J. M.",PLoS ONE,10.1371/journal.pone.0040688,ft117
es149,p047,c074,s036,Pied avocet,Recurvirostra avosetta,Waterbird,M,31,2.94,ICC,0.29,N,NA,Conventional,Arrival_breed,"Wadden Sea Coast, Germany",Europe,8.86,54.63,Breeding,,"p. 383, text, results",text,Arrival of Pied Avocets Recurvirostra avosetta at the breeding site: Effects of winter quarters and consequences for reproductive success,2002,"Hotker, H.",Ardea,,ft015
es150,p047,c075,s036,Pied avocet,Recurvirostra avosetta,Waterbird,M,28,3.07,ICC,0.09,N,NA,Conventional,Arrival_breed,"Wadden Sea Coast, Germany",Europe,8.86,54.63,Breeding,,"p. 383, text, results",text,Arrival of Pied Avocets Recurvirostra avosetta at the breeding site: Effects of winter quarters and consequences for reproductive success,2002,"Hotker, H.",Ardea,,ft015
es151,p047,c076,s036,Pied avocet,Recurvirostra avosetta,Waterbird,F,27,2.96,ICC,0.05,N,NA,Conventional,Arrival_breed,"Wadden Sea Coast, Germany",Europe,8.86,54.63,Breeding,,"p. 383, text, results",text,Arrival of Pied Avocets Recurvirostra avosetta at the breeding site: Effects of winter quarters and consequences for reproductive success,2002,"Hotker, H.",Ardea,,ft015
es152,p047,c077,s036,Pied avocet,Recurvirostra avosetta,Waterbird,F,15,2.33,ICC,-0.08,N,NA,Conventional,Arrival_breed,"Wadden Sea Coast, Germany",Europe,8.86,54.63,Breeding,,"p. 383, text, results",text,Arrival of Pied Avocets Recurvirostra avosetta at the breeding site: Effects of winter quarters and consequences for reproductive success,2002,"Hotker, H.",Ardea,,ft015
es153,p048,c078,s021,Relict gull,Larus relictus,Seabird,B,4,3.5,ICC,0.13,N,NA,Satellite,Depart_breed,"Hongjian Nur, China",Not,109.93,39.14,Breeding,,"Table 3, p. 7",text,Seasonal dispersal and longitudinal migration in the Relict Gull Larus relictus across the Inner-Mongolian Plateau,2017,"Liu, D. and Zhang, G. and Jiang, H. and Chen, L. and Meng, D. and Lu, J.",PeerJ,10.7717/peerj.3380,ft125
es154,p048,c078,s021,Relict gull,Larus relictus,Seabird,B,4,3.5,ICC,0.8,N,NA,Satellite,Nonbreed_arrival,"Hongjian Nur, China",Not,109.93,39.14,Breeding,,"Table 3, p. 7",text,Seasonal dispersal and longitudinal migration in the Relict Gull Larus relictus across the Inner-Mongolian Plateau,2017,"Liu, D. and Zhang, G. and Jiang, H. and Chen, L. and Meng, D. and Lu, J.",PeerJ,10.7717/peerj.3380,ft125
es155,p048,c078,s021,Relict gull,Larus relictus,Seabird,B,4,3,ICC,-0.18,N,NA,Satellite,Nonbreed_depart,"Hongjian Nur, China",Not,109.93,39.14,Breeding,,"Table 3, p. 7",text,Seasonal dispersal and longitudinal migration in the Relict Gull Larus relictus across the Inner-Mongolian Plateau,2017,"Liu, D. and Zhang, G. and Jiang, H. and Chen, L. and Meng, D. and Lu, J.",PeerJ,10.7717/peerj.3380,ft125
es156,p048,c078,s021,Relict gull,Larus relictus,Seabird,B,4,3,ICC,-0.01,N,NA,Satellite,Arrival_breed,"Hongjian Nur, China",Not,109.93,39.14,Breeding,,"Table 3, p. 7",text,Seasonal dispersal and longitudinal migration in the Relict Gull Larus relictus across the Inner-Mongolian Plateau,2017,"Liu, D. and Zhang, G. and Jiang, H. and Chen, L. and Meng, D. and Lu, J.",PeerJ,10.7717/peerj.3380,ft125
es157,p049,c079,s042,Black-browed albatross,Thalassarche melanophrys,Seabird,B,22,2,r,-0.07,N,NA,GLS,Depart_breed,"Bird Island, South Georgia",Not,-38.04,-54.006,Breeding,,"p. 2390, text, results",text,Summer distribution and migration of nonbreeding albatrosses: Individual consistencies and implications for conservation,2005,"Phillips, R. A. and Silk, J. R. D. and Croxall, J. P. and Afanasyev, V. and Bennett, V. J.",Ecology,10.1890/04-1885,ft133
es158,p049,c079,s042,Black-browed albatross,Thalassarche melanophrys,Seabird,B,22,2,r,0.5,N,NA,GLS,Arrival_breed,"Bird Island, South Georgia",Not,-38.04,-54.006,Breeding,,"p. 2390, text, results",text,Summer distribution and migration of nonbreeding albatrosses: Individual consistencies and implications for conservation,2005,"Phillips, R. A. and Silk, J. R. D. and Croxall, J. P. and Afanasyev, V. and Bennett, V. J.",Ecology,10.1890/04-1885,ft133
es159,p049,c079,s042,Black-browed albatross,Thalassarche melanophrys,Seabird,B,21,2,r,0.28,N,NA,GLS,Nonbreed_arrival,"Bird Island, South Georgia",Not,-38.04,-54.006,Breeding,,"p. 2390, text, results",text,Summer distribution and migration of nonbreeding albatrosses: Individual consistencies and implications for conservation,2005,"Phillips, R. A. and Silk, J. R. D. and Croxall, J. P. and Afanasyev, V. and Bennett, V. J.",Ecology,10.1890/04-1885,ft133
es160,p049,c079,s042,Black-browed albatross,Thalassarche melanophrys,Seabird,B,21,2,r,0.54,N,NA,GLS,Nonbreed_depart,"Bird Island, South Georgia",Not,-38.04,-54.006,Breeding,,"p. 2390, text, results",text,Summer distribution and migration of nonbreeding albatrosses: Individual consistencies and implications for conservation,2005,"Phillips, R. A. and Silk, J. R. D. and Croxall, J. P. and Afanasyev, V. and Bennett, V. J.",Ecology,10.1890/04-1885,ft133
es161,p050,c080,s004,Turnstone,Arenaria interpres,Waterbird,B,39,2,r,0.744,N,NA,Conventional,Nonbreed_depart,Firth of Clyde,Europe,-4.77,55.63,Non-breeding,,"p. 210, text, Figure 2 legend",text,"Survival, winter population stability and site fidelity in the turnstone aren aria interpres",1985,"Metcalfe, N. B. and Furness, R. W.",Bird Study,10.1080/00063658509476881,ft134
es162,p050,c081,s004,Turnstone,Arenaria interpres,Waterbird,B,32,2,r,0.46,N,NA,Conventional,Nonbreed_depart,Firth of Clyde,Europe,-4.77,55.63,Non-breeding,,"p. 210, text, Figure 3 legend",text,"Survival, winter population stability and site fidelity in the turnstone aren aria interpres",1985,"Metcalfe, N. B. and Furness, R. W.",Bird Study,10.1080/00063658509476881,ft134
es163,p051,c082,s015,Whooping crane,Grus americana,Waterbird,B,23,4.4,ICC,0.48,Y,"Age, social status",Satellite,Depart_breed,Wood Buffalo National Park of Canada (breeding) and wintering sites along the Texas Gulf Coast,North America,-113.24,59.3,both?,,"p. 6, text, results",text,Heterogeneity in migration strategies of Whooping Cranes,2019,"Pearse, A. T. and Metzger, K. L. and Brandt, D. A. and Bidwell, M. T. and Harner, M. J. and Baasch, D. M. and Harrell, W.",Condor,10.1093/condor/duz056,ft063
es164,p051,c082,s015,Whooping crane,Grus americana,Waterbird,B,27,4.4,ICC,0.17,Y,"Age, social status",Satellite,Nonbreed_arrival,Wood Buffalo National Park of Canada (breeding) and wintering sites along the Texas Gulf Coast,North America,-113.24,59.3,both?,,"p. 6, text, results",text,Heterogeneity in migration strategies of Whooping Cranes,2019,"Pearse, A. T. and Metzger, K. L. and Brandt, D. A. and Bidwell, M. T. and Harner, M. J. and Baasch, D. M. and Harrell, W.",Condor,10.1093/condor/duz056,ft063
es165,p051,c082,s015,Whooping crane,Grus americana,Waterbird,B,30,4.1,ICC,0.41,Y,"Age, social status",Satellite,Nonbreed_depart,Wood Buffalo National Park of Canada (breeding) and wintering sites along the Texas Gulf Coast,North America,-113.24,59.3,both?,,"p. 6, text, results",text,Heterogeneity in migration strategies of Whooping Cranes,2019,"Pearse, A. T. and Metzger, K. L. and Brandt, D. A. and Bidwell, M. T. and Harner, M. J. and Baasch, D. M. and Harrell, W.",Condor,10.1093/condor/duz056,ft063
es166,p051,c082,s015,Whooping crane,Grus americana,Waterbird,B,27,4.5,ICC,0.25,Y,"Age, social status",Satellite,Arrival_breed,Wood Buffalo National Park of Canada (breeding) and wintering sites along the Texas Gulf Coast,North America,-113.24,59.3,both?,,"p. 6, text, results",text,Heterogeneity in migration strategies of Whooping Cranes,2019,"Pearse, A. T. and Metzger, K. L. and Brandt, D. A. and Bidwell, M. T. and Harner, M. J. and Baasch, D. M. and Harrell, W.",Condor,10.1093/condor/duz056,ft063
es167,p052,c083,s019,Lesser black-backed gull,Larus fuscus,Seabird,B,81,2.85,ICC,0.51,Y,"Migration distance (fixed), colony and individual (random)",Satellite,Depart_breed,"eight colonies in the Netherlands, Belgium and the UK",Europe,3.18,51.3,Breeding,,"p. 6, text, results",text,Long-distance migrants vary migratory behaviour as much as short-distance migrants: An individual-level comparison from a seabird species with diverse migration strategies,2021,"Brown, J. M. and van Loon, E. E. and Bouten, W. and Camphuysen, K. C. J. and Lens, L. and Muller, W. and Thaxter, C. B. and Shamoun-Baranes, J.",Journal of Animal Ecology,10.1111/1365-2656.13431,ft095
es168,p052,c083,s019,Lesser black-backed gull,Larus fuscus,Seabird,B,80,2.86,ICC,0.77,Y,"Migration distance (fixed), colony and individual (random)",Satellite,Nonbreed_arrival,"eight colonies in the Netherlands, Belgium and the UK",Europe,3.18,51.3,Breeding,,"p. 6, text, results",text,Long-distance migrants vary migratory behaviour as much as short-distance migrants: An individual-level comparison from a seabird species with diverse migration strategies,2021,"Brown, J. M. and van Loon, E. E. and Bouten, W. and Camphuysen, K. C. J. and Lens, L. and Muller, W. and Thaxter, C. B. and Shamoun-Baranes, J.",Journal of Animal Ecology,10.1111/1365-2656.13431,ft095
es169,p052,c083,s019,Lesser black-backed gull,Larus fuscus,Seabird,B,82,2.84,ICC,0.58,Y,"Migration distance (fixed), colony and individual (random)",Satellite,Nonbreed_depart,"eight colonies in the Netherlands, Belgium and the UK",Europe,3.18,51.3,Breeding,,"p. 6, text, results",text,Long-distance migrants vary migratory behaviour as much as short-distance migrants: An individual-level comparison from a seabird species with diverse migration strategies,2021,"Brown, J. M. and van Loon, E. E. and Bouten, W. and Camphuysen, K. C. J. and Lens, L. and Muller, W. and Thaxter, C. B. and Shamoun-Baranes, J.",Journal of Animal Ecology,10.1111/1365-2656.13431,ft095
es170,p052,c083,s019,Lesser black-backed gull,Larus fuscus,Seabird,B,82,2.84,ICC,0.57,Y,"Migration distance (fixed), colony and individual (random)",Satellite,Arrival_breed,"eight colonies in the Netherlands, Belgium and the UK",Europe,3.18,51.3,Breeding,,"p. 6, text, results",text,Long-distance migrants vary migratory behaviour as much as short-distance migrants: An individual-level comparison from a seabird species with diverse migration strategies,2021,"Brown, J. M. and van Loon, E. E. and Bouten, W. and Camphuysen, K. C. J. and Lens, L. and Muller, W. and Thaxter, C. B. and Shamoun-Baranes, J.",Journal of Animal Ecology,10.1111/1365-2656.13431,ft095
es171,p053,c084,s040,Common eider,Somateria mollissima,Waterbird,F,24,2.75,ICC,0.524,N,NA,GLS,Nonbreed_depart,"Kongsfjorden in Svalbard (79°N, 12°E) ",Europe,11.88,79.03,Breeding,,"p. 9, text, results",text,Repeatability and Flexibility in the Migration Strategies of an Arctic Seabird,2016,"Bjorn, N.",MSc thesis,,ft166
es172,p053,c085,s040,Common eider,Somateria mollissima,Waterbird,F,6,2.5,ICC,0.54,N,NA,GLS,Nonbreed_depart,"Kongsfjorden in Svalbard (79°N, 12°E) ",Europe,11.88,79.03,Breeding,,"p. 9, text, results",text,Repeatability and Flexibility in the Migration Strategies of an Arctic Seabird,2016,"Bjorn, N.",MSc thesis,,ft166
es173,p053,c084,s040,Common eider,Somateria mollissima,Waterbird,F,24,2.75,ICC,0.539,Y,Breeding success,GLS,Nonbreed_arrival,"Kongsfjorden in Svalbard (79°N, 12°E) ",Europe,11.88,79.03,Breeding,,"p. 9, text, results",text,Repeatability and Flexibility in the Migration Strategies of an Arctic Seabird,2016,"Bjorn, N.",MSc thesis,,ft166
es174,p053,c085,s040,Common eider,Somateria mollissima,Waterbird,F,6,2.5,ICC,0.744,Y,Breeding success,GLS,Nonbreed_arrival,"Kongsfjorden in Svalbard (79°N, 12°E) ",Europe,11.88,79.03,Breeding,,"p. 9, text, results",text,Repeatability and Flexibility in the Migration Strategies of an Arctic Seabird,2016,"Bjorn, N.",MSc thesis,,ft166
es175,p053,c086,s040,Common eider,Somateria mollissima,Waterbird,F,30,2.7,ICC,0.535,N,NA,GLS,Nonbreed_depart,"Kongsfjorden in Svalbard (79°N, 12°E) ",Europe,11.88,79.03,Breeding,,"p. 9, text, results",text,Repeatability and Flexibility in the Migration Strategies of an Arctic Seabird,2016,"Bjorn, N.",MSc thesis,,ft166
es176,p053,c086,s040,Common eider,Somateria mollissima,Waterbird,F,30,2.7,ICC,0.644,Y,Breeding success,GLS,Nonbreed_arrival,"Kongsfjorden in Svalbard (79°N, 12°E) ",Europe,11.88,79.03,Breeding,,"p. 9, text, results",text,Repeatability and Flexibility in the Migration Strategies of an Arctic Seabird,2016,"Bjorn, N.",MSc thesis,,ft166
